Workbook

Sheet Cover & Penjelasan
A2: PERHITUNGAN MANUAL MFEP Optimasi Smart Model Rekomendasi Wisata Gastronomi Terbaik Kota Surakarta
A3: Metode: Multi Factor Evaluation Process (MFEP) | TKT Level 2 | Penelitian Dosen Pemula 2026
A5: No | B5: Nama Sheet | C5: Deskripsi
A6: 1 | B6: Cover & Penjelasan | C6: Halaman ini – indeks dan keterangan model
A7: 2 | B7: Data Kriteria & Bobot | C7: Definisi 6 kriteria MFEP + bobot pakar (total = 1)
A8: 3 | B8: Data Destinasi | C8: 20 destinasi gastronomi Surakarta + nilai per kriteria (skala 1-5)
A9: 4 | B9: Perhitungan MFEP | C9: Normalisasi → Weighted Score → Total Skor → Ranking
A10: 5 | B10: Analisis Sensitivitas | C10: Simulasi perubahan bobot ±20% terhadap ranking destinasi
A11: 6 | B11: Hasil & Rekomendasi | C11: Ranking final, Top-5 prioritas pelestarian, visualisasi bar
A13: FORMULA MFEP
A14: 1 | B14: Langkah 1 – Nilai Mentah (Raw Score) | C14: Setiap destinasi dinilai pada setiap kriteria dengan skala Likert 1–5.
A15: 2 | B15: Langkah 2 – Normalisasi | C15: Nilai_Norm = Nilai_Destinasi / MAX(Nilai_Kriteria) → rentang [0,1]
A16: 3 | B16: Langkah 3 – Weighted Score | C16: WS_ij = Nilai_Norm_ij × Bobot_j (bobot dari kuesioner pakar, Σ bobot = 1)
A17: 4 | B17: Langkah 4 – Total Skor MFEP | C17: Total_i = Σ WS_ij (penjumlahan seluruh weighted score untuk destinasi i)
A18: 5 | B18: Langkah 5 – Ranking | C18: RANK() berdasarkan Total Skor secara descending → peringkat 1 = terbaik

Sheet Data Kriteria & Bobot
A1: DATA KRITERIA DAN BOBOT MFEP – WISATA GASTRONOMI SURAKARTA
A3: No | B3: Kriteria | C3: Definisi Operasional | D3: Keterangan Pengukuran | E3: Bobot (Wj) | F3: % Bobot
A4: K1 | B4: Keaslian Kuliner | C4: Tingkat orisinalitas resep, bahan baku, dan cara penyajian kuliner tradisional | D4: Observasi + penilaian pakar kuliner (1=modern, 5=sangat autentik) | E4: 0.25 | F4: =E4/SUM($E$4:$E$9) -> 0.25
A5: K2 | B5: Nilai Budaya & Sejarah | C5: Kekuatan narasi sejarah, identitas budaya Jawa, dan warisan leluhur pada kuliner | D5: Studi dokumen + wawancara komunitas (1=rendah, 5=sangat tinggi) | E5: 0.2 | F5: =E5/SUM($E$4:$E$9) -> 0.2
A6: K3 | B6: Aksesibilitas Destinasi | C6: Kemudahan jangkauan lokasi: transportasi, jarak, parkir, jam operasional | D6: Data lapangan + rating aksesibilitas (1=sangat sulit, 5=sangat mudah) | E6: 0.15 | F6: =E6/SUM($E$4:$E$9) -> 0.15
A7: K4 | B7: Daya Tarik Wisata | C7: Pengalaman wisata: ambiance, variasi menu, presentasi, dan ulasan pengunjung | D7: Review platform digital + observasi (1=rendah, 5=sangat tinggi) | E7: 0.2 | F7: =E7/SUM($E$4:$E$9) -> 0.2
A8: K5 | B8: Dukungan Komunitas Lokal | C8: Keterlibatan komunitas lokal, pelaku UMKM, dan upaya kolektif pelestarian kuliner | D8: FGD komunitas + kuesioner stakeholder (1=minim, 5=sangat aktif) | E8: 0.1 | F8: =E8/SUM($E$4:$E$9) -> 0.1
A9: K6 | B9: Potensi Ekonomi Lokal | C9: Kontribusi destinasi pada pendapatan masyarakat lokal dan ekosistem pariwisata | D9: Data ekonomi dinas + estimasi transaksi (1=rendah, 5=sangat besar) | E9: 0.1 | F9: =E9/SUM($E$4:$E$9) -> 0.1
D10: TOTAL BOBOT | E10: =SUM(E4:E9) -> 1 | F10: =SUM(F4:F9) -> 1
A12: ⚠ CATATAN: Bobot di kolom E (berwarna BIRU) adalah INPUT dari kuesioner pakar/stakeholder. Ubah nilai bobot sesuai hasil survei. Total bobot HARUS = 1.00. Semua formula di sheet lain akan otomatis terupdate.
A14: SKALA PENILAIAN LIKERT (1–5)
A15: Nilai | B15: Label | C15: Deskripsi Umum | D15: Contoh Interpretasi K1 (Keaslian)
A16: 1 | B16: Sangat Rendah | C16: Tidak memenuhi kriteria | D16: Resep sudah berubah total / menggunakan bahan modern
A17: 2 | B17: Rendah | C17: Sedikit memenuhi kriteria | D17: Resep dimodifikasi signifikan, hanya nama yang sama
A18: 3 | B18: Cukup | C18: Cukup memenuhi kriteria | D18: Resep asli dengan beberapa adaptasi modern
A19: 4 | B19: Tinggi | C19: Memenuhi kriteria dengan baik | D19: Resep dan bahan masih autentik dengan sedikit variasi
A20: 5 | B20: Sangat Tinggi | C20: Sangat memenuhi kriteria | D20: Resep, bahan, penyajian 100% tradisional & terdokumentasi

Sheet Data Destinasi
A1: DATA DESTINASI WISATA GASTRONOMI TRADISIONAL – KOTA SURAKARTA
A3: No | B3: Nama Destinasi | C3: Jenis Kuliner | D3: K1 Keaslian | E3: K2 Nilai Budaya | F3: K3 Aksesibilitas | G3: K4 Daya Tarik | H3: K5 Dukungan Komunitas | I3: K6 Potensi Ekonomi
A4: D01 | B4: Timlo Sastro | C4: Timlo/Soto Tradisional | D4: 5 | E4: 5 | F4: 5 | G4: 5 | H4: 4 | I4: 4
A5: D02 | B5: Nasi Liwet Bu Wongso Lemu | C5: Nasi Liwet | D5: 5 | E5: 5 | F5: 4 | G5: 5 | H5: 4 | I5: 4
A6: D03 | B6: Selat Solo Mbak Lies | C6: Selat Solo | D6: 5 | E6: 5 | F6: 4 | G6: 4 | H6: 4 | I6: 4
A7: D04 | B7: Soto Gading | C7: Soto Ayam Tradisional | D7: 4 | E7: 4 | F7: 5 | G7: 4 | H7: 3 | I7: 4
A8: D05 | B8: Wedangan Jadul Pak Gareng | C8: Wedangan/Angkringan | D8: 4 | E8: 4 | F8: 4 | G8: 4 | H8: 5 | I8: 3
A9: D06 | B9: Pasar Gede – Zona Kuliner | C9: Kuliner Pasar Tradisional | D9: 4 | E9: 5 | F9: 5 | G9: 4 | H9: 5 | I9: 5
A10: D07 | B10: Nasi Gudeg Bu Semi | C10: Gudeg Surakarta | D10: 4 | E10: 4 | F10: 4 | G10: 4 | H10: 3 | I10: 3
A11: D08 | B11: Dawet Telasih Bu Dermi | C11: Dawet/Minuman Tradisional | D11: 5 | E11: 5 | F11: 4 | G11: 4 | H11: 5 | I11: 3
A12: D09 | B12: Intip Goreng Pak Slamet | C12: Intip Goreng | D12: 5 | E12: 4 | F12: 3 | G12: 3 | H12: 4 | I12: 3
A13: D10 | B13: Sate Buntel Mbok Galak | C13: Sate Kambing | D13: 4 | E13: 4 | F13: 5 | G13: 4 | H13: 3 | I13: 4
A14: D11 | B14: Tengkleng Bu Edi | C14: Tengkleng Kambing | D14: 5 | E14: 5 | F14: 4 | G14: 5 | H14: 4 | I14: 4
A15: D12 | B15: Cabuk Rambak Pak Birin | C15: Cabuk Rambak | D15: 5 | E15: 5 | F15: 3 | G15: 3 | H15: 4 | I15: 3
... A23: D20 | B23: Pasar Triwindu – Kuliner Heritage | C23: Kuliner Heritage Antik | D23: 4 | E23: 5 | F23: 4 | G23: 5 | H23: 5 | I23: 5
B24: MAX per Kriteria (untuk normalisasi) | D24: =MAX(D4:D23) -> 5 | E24: =MAX(E4:E23) -> 5 | F24: =MAX(F4:F23) -> 5 | G24: =MAX(G4:G23) -> 5 | H24: =MAX(H4:H23) -> 5 | I24: =MAX(I4:I23) -> 5
A26: ⚠ CATATAN: Nilai di kolom K1–K6 (berwarna BIRU) adalah INPUT penilaian dari pakar/observasi lapangan. Skala 1–5 sesuai rubrik di sheet "Data Kriteria & Bobot". Baris MAX dihitung otomatis.

Sheet Perhitungan MFEP
A1: PERHITUNGAN MFEP – MULTI FACTOR EVALUATION PROCESS
C2: NILAI NORMAL (Normalisasi = Nilai/MAX) | I2: WEIGHTED SCORE (Nilai_Norm × Bobot) | O2: HASIL
A3: No | B3: Nama Destinasi | C3: N_K1 Keaslian | D3: N_K2 Budaya | E3: N_K3 Aksesib. | F3: N_K4 Dy.Tarik | G3: N_K5 Komunitas | H3: N_K6 Ekonomi | I3: WS_K1 Keaslian | J3: WS_K2 Budaya | K3: WS_K3 Aksesib. | L3: WS_K4 Dy.Tarik | M3: WS_K5 Komunitas | N3: WS_K6 Ekonomi | O3: Total Skor MFEP | P3: Ranking
B4: BOBOT (Wj) → | C4: — | D4: — | E4: — | F4: — | G4: — | H4: — | I4: ='Data Kriteria & Bobot'!E4 -> 0.25 | J4: ='Data Kriteria & Bobot'!E5 -> 0.2 | K4: ='Data Kriteria & Bobot'!E6 -> 0.15 | L4: ='Data Kriteria & Bobot'!E7 -> 0.2 | M4: ='Data Kriteria & Bobot'!E8 -> 0.1 | N4: ='Data Kriteria & Bobot'!E9 -> 0.1 | O4: — | P4: —
A5: D01 | B5: Timlo Sastro | C5: ='Data Destinasi'!D4/'Data Destinasi'!D24 -> 1 | D5: ='Data Destinasi'!E4/'Data Destinasi'!E24 -> 1 | E5: ='Data Destinasi'!F4/'Data Destinasi'!F24 -> 1 | F5: ='Data Destinasi'!G4/'Data Destinasi'!G24 -> 1 | G5: ='Data Destinasi'!H4/'Data Destinasi'!H24 -> 0.8 | H5: ='Data Destinasi'!I4/'Data Destinasi'!I24 -> 0.8 | I5: =C5*'Data Kriteria & Bobot'!E4 -> 0.25 | J5: =D5*'Data Kriteria & Bobot'!E5 -> 0.2 | K5: =E5*'Data Kriteria & Bobot'!E6 -> 0.15 | L5: =F5*'Data Kriteria & Bobot'!E7 -> 0.2 | M5: =G5*'Data Kriteria & Bobot'!E8 -> 0.08 | N5: =H5*'Data Kriteria & Bobot'!E9 -> 0.08 | O5: =SUM(I5:N5) -> 0.96 | P5: =RANK(O5,$O$5:$O$24,0) -> 1
A6: D02 | B6: Nasi Liwet Bu Wongso Lemu | C6: ='Data Destinasi'!D5/'Data Destinasi'!D24 -> 1 | D6: ='Data Destinasi'!E5/'Data Destinasi'!E24 -> 1 | E6: ='Data Destinasi'!F5/'Data Destinasi'!F24 -> 0.8 | F6: ='Data Destinasi'!G5/'Data Destinasi'!G24 -> 1 | G6: ='Data Destinasi'!H5/'Data Destinasi'!H24 -> 0.8 | H6: ='Data Destinasi'!I5/'Data Destinasi'!I24 -> 0.8 | I6: =C6*'Data Kriteria & Bobot'!E4 -> 0.25 | J6: =D6*'Data Kriteria & Bobot'!E5 -> 0.2 | K6: =E6*'Data Kriteria & Bobot'!E6 -> 0.12 | L6: =F6*'Data Kriteria & Bobot'!E7 -> 0.2 | M6: =G6*'Data Kriteria & Bobot'!E8 -> 0.08 | N6: =H6*'Data Kriteria & Bobot'!E9 -> 0.08 | O6: =SUM(I6:N6) -> 0.93 | P6: =RANK(O6,$O$5:$O$24,0) -> 2
A7: D03 | B7: Selat Solo Mbak Lies | C7: ='Data Destinasi'!D6/'Data Destinasi'!D24 -> 1 | D7: ='Data Destinasi'!E6/'Data Destinasi'!E24 -> 1 | E7: ='Data Destinasi'!F6/'Data Destinasi'!F24 -> 0.8 | F7: ='Data Destinasi'!G6/'Data Destinasi'!G24 -> 0.8 | G7: ='Data Destinasi'!H6/'Data Destinasi'!H24 -> 0.8 | H7: ='Data Destinasi'!I6/'Data Destinasi'!I24 -> 0.8 | I7: =C7*'Data Kriteria & Bobot'!E4 -> 0.25 | J7: =D7*'Data Kriteria & Bobot'!E5 -> 0.2 | K7: =E7*'Data Kriteria & Bobot'!E6 -> 0.12 | L7: =F7*'Data Kriteria & Bobot'!E7 -> 0.16 | M7: =G7*'Data Kriteria & Bobot'!E8 -> 0.08 | N7: =H7*'Data Kriteria & Bobot'!E9 -> 0.08 | O7: =SUM(I7:N7) -> 0.89 | P7: =RANK(O7,$O$5:$O$24,0) -> 6
A8: D04 | B8: Soto Gading | C8: ='Data Destinasi'!D7/'Data Destinasi'!D24 -> 0.8 | D8: ='Data Destinasi'!E7/'Data Destinasi'!E24 -> 0.8 | E8: ='Data Destinasi'!F7/'Data Destinasi'!F24 -> 1 | F8: ='Data Destinasi'!G7/'Data Destinasi'!G24 -> 0.8 | G8: ='Data Destinasi'!H7/'Data Destinasi'!H24 -> 0.6 | H8: ='Data Destinasi'!I7/'Data Destinasi'!I24 -> 0.8 | I8: =C8*'Data Kriteria & Bobot'!E4 -> 0.2 | J8: =D8*'Data Kriteria & Bobot'!E5 -> 0.16 | K8: =E8*'Data Kriteria & Bobot'!E6 -> 0.15 | L8: =F8*'Data Kriteria & Bobot'!E7 -> 0.16 | M8: =G8*'Data Kriteria & Bobot'!E8 -> 0.06 | N8: =H8*'Data Kriteria & Bobot'!E9 -> 0.08 | O8: =SUM(I8:N8) -> 0.81 | P8: =RANK(O8,$O$5:$O$24,0) -> 12
A9: D05 | B9: Wedangan Jadul Pak Gareng | C9: ='Data Destinasi'!D8/'Data Destinasi'!D24 -> 0.8 | D9: ='Data Destinasi'!E8/'Data Destinasi'!E24 -> 0.8 | E9: ='Data Destinasi'!F8/'Data Destinasi'!F24 -> 0.8 | F9: ='Data Destinasi'!G8/'Data Destinasi'!G24 -> 0.8 | G9: ='Data Destinasi'!H8/'Data Destinasi'!H24 -> 1 | H9: ='Data Destinasi'!I8/'Data Destinasi'!I24 -> 0.6 | I9: =C9*'Data Kriteria & Bobot'!E4 -> 0.2 | J9: =D9*'Data Kriteria & Bobot'!E5 -> 0.16 | K9: =E9*'Data Kriteria & Bobot'!E6 -> 0.12 | L9: =F9*'Data Kriteria & Bobot'!E7 -> 0.16 | M9: =G9*'Data Kriteria & Bobot'!E8 -> 0.1 | N9: =H9*'Data Kriteria & Bobot'!E9 -> 0.06 | O9: =SUM(I9:N9) -> 0.8 | P9: =RANK(O9,$O$5:$O$24,0) -> 14
A10: D06 | B10: Pasar Gede – Zona Kuliner | C10: ='Data Destinasi'!D9/'Data Destinasi'!D24 -> 0.8 | D10: ='Data Destinasi'!E9/'Data Destinasi'!E24 -> 1 | E10: ='Data Destinasi'!F9/'Data Destinasi'!F24 -> 1 | F10: ='Data Destinasi'!G9/'Data Destinasi'!G24 -> 0.8 | G10: ='Data Destinasi'!H9/'Data Destinasi'!H24 -> 1 | H10: ='Data Destinasi'!I9/'Data Destinasi'!I24 -> 1 | I10: =C10*'Data Kriteria & Bobot'!E4 -> 0.2 | J10: =D10*'Data Kriteria & Bobot'!E5 -> 0.2 | K10: =E10*'Data Kriteria & Bobot'!E6 -> 0.15 | L10: =F10*'Data Kriteria & Bobot'!E7 -> 0.16 | M10: =G10*'Data Kriteria & Bobot'!E8 -> 0.1 | N10: =H10*'Data Kriteria & Bobot'!E9 -> 0.1 | O10: =SUM(I10:N10) -> 0.91 | P10: =RANK(O10,$O$5:$O$24,0) -> 5
A11: D07 | B11: Nasi Gudeg Bu Semi | C11: ='Data Destinasi'!D10/'Data Destinasi'!D24 -> 0.8 | D11: ='Data Destinasi'!E10/'Data Destinasi'!E24 -> 0.8 | E11: ='Data Destinasi'!F10/'Data Destinasi'!F24 -> 0.8 | F11: ='Data Destinasi'!G10/'Data Destinasi'!G24 -> 0.8 | G11: ='Data Destinasi'!H10/'Data Destinasi'!H24 -> 0.6 | H11: ='Data Destinasi'!I10/'Data Destinasi'!I24 -> 0.6 | I11: =C11*'Data Kriteria & Bobot'!E4 -> 0.2 | J11: =D11*'Data Kriteria & Bobot'!E5 -> 0.16 | K11: =E11*'Data Kriteria & Bobot'!E6 -> 0.12 | L11: =F11*'Data Kriteria & Bobot'!E7 -> 0.16 | M11: =G11*'Data Kriteria & Bobot'!E8 -> 0.06 | N11: =H11*'Data Kriteria & Bobot'!E9 -> 0.06 | O11: =SUM(I11:N11) -> 0.76 | P11: =RANK(O11,$O$5:$O$24,0) -> 17
A12: D08 | B12: Dawet Telasih Bu Dermi | C12: ='Data Destinasi'!D11/'Data Destinasi'!D24 -> 1 | D12: ='Data Destinasi'!E11/'Data Destinasi'!E24 -> 1 | E12: ='Data Destinasi'!F11/'Data Destinasi'!F24 -> 0.8 | F12: ='Data Destinasi'!G11/'Data Destinasi'!G24 -> 0.8 | G12: ='Data Destinasi'!H11/'Data Destinasi'!H24 -> 1 | H12: ='Data Destinasi'!I11/'Data Destinasi'!I24 -> 0.6 | I12: =C12*'Data Kriteria & Bobot'!E4 -> 0.25 | J12: =D12*'Data Kriteria & Bobot'!E5 -> 0.2 | K12: =E12*'Data Kriteria & Bobot'!E6 -> 0.12 | L12: =F12*'Data Kriteria & Bobot'!E7 -> 0.16 | M12: =G12*'Data Kriteria & Bobot'!E8 -> 0.1 | N12: =H12*'Data Kriteria & Bobot'!E9 -> 0.06 | O12: =SUM(I12:N12) -> 0.89 | P12: =RANK(O12,$O$5:$O$24,0) -> 6
A13: D09 | B13: Intip Goreng Pak Slamet | C13: ='Data Destinasi'!D12/'Data Destinasi'!D24 -> 1 | D13: ='Data Destinasi'!E12/'Data Destinasi'!E24 -> 0.8 | E13: ='Data Destinasi'!F12/'Data Destinasi'!F24 -> 0.6 | F13: ='Data Destinasi'!G12/'Data Destinasi'!G24 -> 0.6 | G13: ='Data Destinasi'!H12/'Data Destinasi'!H24 -> 0.8 | H13: ='Data Destinasi'!I12/'Data Destinasi'!I24 -> 0.6 | I13: =C13*'Data Kriteria & Bobot'!E4 -> 0.25 | J13: =D13*'Data Kriteria & Bobot'!E5 -> 0.16 | K13: =E13*'Data Kriteria & Bobot'!E6 -> 0.09 | L13: =F13*'Data Kriteria & Bobot'!E7 -> 0.12 | M13: =G13*'Data Kriteria & Bobot'!E8 -> 0.08 | N13: =H13*'Data Kriteria & Bobot'!E9 -> 0.06 | O13: =SUM(I13:N13) -> 0.76 | P13: =RANK(O13,$O$5:$O$24,0) -> 20
A14: D10 | B14: Sate Buntel Mbok Galak | C14: ='Data Destinasi'!D13/'Data Destinasi'!D24 -> 0.8 | D14: ='Data Destinasi'!E13/'Data Destinasi'!E24 -> 0.8 | E14: ='Data Destinasi'!F13/'Data Destinasi'!F24 -> 1 | F14: ='Data Destinasi'!G13/'Data Destinasi'!G24 -> 0.8 | G14: ='Data Destinasi'!H13/'Data Destinasi'!H24 -> 0.6 | H14: ='Data Destinasi'!I13/'Data Destinasi'!I24 -> 0.8 | I14: =C14*'Data Kriteria & Bobot'!E4 -> 0.2 | J14: =D14*'Data Kriteria & Bobot'!E5 -> 0.16 | K14: =E14*'Data Kriteria & Bobot'!E6 -> 0.15 | L14: =F14*'Data Kriteria & Bobot'!E7 -> 0.16 | M14: =G14*'Data Kriteria & Bobot'!E8 -> 0.06 | N14: =H14*'Data Kriteria & Bobot'!E9 -> 0.08 | O14: =SUM(I14:N14) -> 0.81 | P14: =RANK(O14,$O$5:$O$24,0) -> 12
A15: D11 | B15: Tengkleng Bu Edi | C15: ='Data Destinasi'!D14/'Data Destinasi'!D24 -> 1 | D15: ='Data Destinasi'!E14/'Data Destinasi'!E24 -> 1 | E15: ='Data Destinasi'!F14/'Data Destinasi'!F24 -> 0.8 | F15: ='Data Destinasi'!G14/'Data Destinasi'!G24 -> 1 | G15: ='Data Destinasi'!H14/'Data Destinasi'!H24 -> 0.8 | H15: ='Data Destinasi'!I14/'Data Destinasi'!I24 -> 0.8 | I15: =C15*'Data Kriteria & Bobot'!E4 -> 0.25 | J15: =D15*'Data Kriteria & Bobot'!E5 -> 0.2 | K15: =E15*'Data Kriteria & Bobot'!E6 -> 0.12 | L15: =F15*'Data Kriteria & Bobot'!E7 -> 0.2 | M15: =G15*'Data Kriteria & Bobot'!E8 -> 0.08 | N15: =H15*'Data Kriteria & Bobot'!E9 -> 0.08 | O15: =SUM(I15:N15) -> 0.93 | P15: =RANK(O15,$O$5:$O$24,0) -> 2
A16: D12 | B16: Cabuk Rambak Pak Birin | C16: ='Data Destinasi'!D15/'Data Destinasi'!D24 -> 1 | D16: ='Data Destinasi'!E15/'Data Destinasi'!E24 -> 1 | E16: ='Data Destinasi'!F15/'Data Destinasi'!F24 -> 0.6 | F16: ='Data Destinasi'!G15/'Data Destinasi'!G24 -> 0.6 | G16: ='Data Destinasi'!H15/'Data Destinasi'!H24 -> 0.8 | H16: ='Data Destinasi'!I15/'Data Destinasi'!I24 -> 0.6 | I16: =C16*'Data Kriteria & Bobot'!E4 -> 0.25 | J16: =D16*'Data Kriteria & Bobot'!E5 -> 0.2 | K16: =E16*'Data Kriteria & Bobot'!E6 -> 0.09 | L16: =F16*'Data Kriteria & Bobot'!E7 -> 0.12 | M16: =G16*'Data Kriteria & Bobot'!E8 -> 0.08 | N16: =H16*'Data Kriteria & Bobot'!E9 -> 0.06 | O16: =SUM(I16:N16) -> 0.8 | P16: =RANK(O16,$O$5:$O$24,0) -> 14
A17: D13 | B17: Roti Mandarin Orion | C17: ='Data Destinasi'!D16/'Data Destinasi'!D24 -> 0.6 | D17: ='Data Destinasi'!E16/'Data Destinasi'!E24 -> 0.8 | E17: ='Data Destinasi'!F16/'Data Destinasi'!F24 -> 1 | F17: ='Data Destinasi'!G16/'Data Destinasi'!G24 -> 0.8 | G17: ='Data Destinasi'!H16/'Data Destinasi'!H24 -> 0.6 | H17: ='Data Destinasi'!I16/'Data Destinasi'!I24 -> 0.8 | I17: =C17*'Data Kriteria & Bobot'!E4 -> 0.15 | J17: =D17*'Data Kriteria & Bobot'!E5 -> 0.16 | K17: =E17*'Data Kriteria & Bobot'!E6 -> 0.15 | L17: =F17*'Data Kriteria & Bobot'!E7 -> 0.16 | M17: =G17*'Data Kriteria & Bobot'!E8 -> 0.06 | N17: =H17*'Data Kriteria & Bobot'!E9 -> 0.08 | O17: =SUM(I17:N17) -> 0.76 | P17: =RANK(O17,$O$5:$O$24,0) -> 17
A18: D14 | B18: Wedang Ronde Pak Min | C18: ='Data Destinasi'!D17/'Data Destinasi'!D24 -> 0.8 | D18: ='Data Destinasi'!E17/'Data Destinasi'!E24 -> 0.8 | E18: ='Data Destinasi'!F17/'Data Destinasi'!F24 -> 0.8 | F18: ='Data Destinasi'!G17/'Data Destinasi'!G24 -> 0.8 | G18: ='Data Destinasi'!H17/'Data Destinasi'!H24 -> 0.8 | H18: ='Data Destinasi'!I17/'Data Destinasi'!I24 -> 0.6 | I18: =C18*'Data Kriteria & Bobot'!E4 -> 0.2 | J18: =D18*'Data Kriteria & Bobot'!E5 -> 0.16 | K18: =E18*'Data Kriteria & Bobot'!E6 -> 0.12 | L18: =F18*'Data Kriteria & Bobot'!E7 -> 0.16 | M18: =G18*'Data Kriteria & Bobot'!E8 -> 0.08 | N18: =H18*'Data Kriteria & Bobot'!E9 -> 0.06 | O18: =SUM(I18:N18) -> 0.78 | P18: =RANK(O18,$O$5:$O$24,0) -> 16
A19: D15 | B19: Jenang Mirah | C19: ='Data Destinasi'!D18/'Data Destinasi'!D24 -> 1 | D19: ='Data Destinasi'!E18/'Data Destinasi'!E24 -> 1 | E19: ='Data Destinasi'!F18/'Data Destinasi'!F24 -> 0.6 | F19: ='Data Destinasi'!G18/'Data Destinasi'!G24 -> 0.6 | G19: ='Data Destinasi'!H18/'Data Destinasi'!H24 -> 1 | H19: ='Data Destinasi'!I18/'Data Destinasi'!I24 -> 0.6 | I19: =C19*'Data Kriteria & Bobot'!E4 -> 0.25 | J19: =D19*'Data Kriteria & Bobot'!E5 -> 0.2 | K19: =E19*'Data Kriteria & Bobot'!E6 -> 0.09 | L19: =F19*'Data Kriteria & Bobot'!E7 -> 0.12 | M19: =G19*'Data Kriteria & Bobot'!E8 -> 0.1 | N19: =H19*'Data Kriteria & Bobot'!E9 -> 0.06 | O19: =SUM(I19:N19) -> 0.82 | P19: =RANK(O19,$O$5:$O$24,0) -> 11
A20: D16 | B20: Gempol Pleret Bu Sari | C20: ='Data Destinasi'!D19/'Data Destinasi'!D24 -> 1 | D20: ='Data Destinasi'!E19/'Data Destinasi'!E24 -> 1 | E20: ='Data Destinasi'!F19/'Data Destinasi'!F24 -> 0.6 | F20: ='Data Destinasi'!G19/'Data Destinasi'!G24 -> 0.8 | G20: ='Data Destinasi'!H19/'Data Destinasi'!H24 -> 0.8 | H20: ='Data Destinasi'!I19/'Data Destinasi'!I24 -> 0.6 | I20: =C20*'Data Kriteria & Bobot'!E4 -> 0.25 | J20: =D20*'Data Kriteria & Bobot'!E5 -> 0.2 | K20: =E20*'Data Kriteria & Bobot'!E6 -> 0.09 | L20: =F20*'Data Kriteria & Bobot'!E7 -> 0.16 | M20: =G20*'Data Kriteria & Bobot'!E8 -> 0.08 | N20: =H20*'Data Kriteria & Bobot'!E9 -> 0.06 | O20: =SUM(I20:N20) -> 0.84 | P20: =RANK(O20,$O$5:$O$24,0) -> 9
A21: D17 | B21: Sego Pecel Bu Tun | C21: ='Data Destinasi'!D20/'Data Destinasi'!D24 -> 0.8 | D21: ='Data Destinasi'!E20/'Data Destinasi'!E24 -> 0.8 | E21: ='Data Destinasi'!F20/'Data Destinasi'!F24 -> 0.8 | F21: ='Data Destinasi'!G20/'Data Destinasi'!G24 -> 0.8 | G21: ='Data Destinasi'!H20/'Data Destinasi'!H24 -> 0.6 | H21: ='Data Destinasi'!I20/'Data Destinasi'!I24 -> 0.6 | I21: =C21*'Data Kriteria & Bobot'!E4 -> 0.2 | J21: =D21*'Data Kriteria & Bobot'!E5 -> 0.16 | K21: =E21*'Data Kriteria & Bobot'!E6 -> 0.12 | L21: =F21*'Data Kriteria & Bobot'!E7 -> 0.16 | M21: =G21*'Data Kriteria & Bobot'!E8 -> 0.06 | N21: =H21*'Data Kriteria & Bobot'!E9 -> 0.06 | O21: =SUM(I21:N21) -> 0.76 | P21: =RANK(O21,$O$5:$O$24,0) -> 17
A22: D18 | B22: Garang Asem Bu Sulastri | C22: ='Data Destinasi'!D21/'Data Destinasi'!D24 -> 1 | D22: ='Data Destinasi'!E21/'Data Destinasi'!E24 -> 1 | E22: ='Data Destinasi'!F21/'Data Destinasi'!F24 -> 0.6 | F22: ='Data Destinasi'!G21/'Data Destinasi'!G24 -> 0.8 | G22: ='Data Destinasi'!H21/'Data Destinasi'!H24 -> 0.8 | H22: ='Data Destinasi'!I21/'Data Destinasi'!I24 -> 0.6 | I22: =C22*'Data Kriteria & Bobot'!E4 -> 0.25 | J22: =D22*'Data Kriteria & Bobot'!E5 -> 0.2 | K22: =E22*'Data Kriteria & Bobot'!E6 -> 0.09 | L22: =F22*'Data Kriteria & Bobot'!E7 -> 0.16 | M22: =G22*'Data Kriteria & Bobot'!E8 -> 0.08 | N22: =H22*'Data Kriteria & Bobot'!E9 -> 0.06 | O22: =SUM(I22:N22) -> 0.84 | P22: =RANK(O22,$O$5:$O$24,0) -> 9
A23: D19 | B23: Bestik Jawa Pak Maryanto | C23: ='Data Destinasi'!D22/'Data Destinasi'!D24 -> 1 | D23: ='Data Destinasi'!E22/'Data Destinasi'!E24 -> 1 | E23: ='Data Destinasi'!F22/'Data Destinasi'!F24 -> 0.8 | F23: ='Data Destinasi'!G22/'Data Destinasi'!G24 -> 0.8 | G23: ='Data Destinasi'!H22/'Data Destinasi'!H24 -> 0.8 | H23: ='Data Destinasi'!I22/'Data Destinasi'!I24 -> 0.8 | I23: =C23*'Data Kriteria & Bobot'!E4 -> 0.25 | J23: =D23*'Data Kriteria & Bobot'!E5 -> 0.2 | K23: =E23*'Data Kriteria & Bobot'!E6 -> 0.12 | L23: =F23*'Data Kriteria & Bobot'!E7 -> 0.16 | M23: =G23*'Data Kriteria & Bobot'!E8 -> 0.08 | N23: =H23*'Data Kriteria & Bobot'!E9 -> 0.08 | O23: =SUM(I23:N23) -> 0.89 | P23: =RANK(O23,$O$5:$O$24,0) -> 6
A24: D20 | B24: Pasar Triwindu – Kuliner Heritage | C24: ='Data Destinasi'!D23/'Data Destinasi'!D24 -> 0.8 | D24: ='Data Destinasi'!E23/'Data Destinasi'!E24 -> 1 | E24: ='Data Destinasi'!F23/'Data Destinasi'!F24 -> 0.8 | F24: ='Data Destinasi'!G23/'Data Destinasi'!G24 -> 1 | G24: ='Data Destinasi'!H23/'Data Destinasi'!H24 -> 1 | H24: ='Data Destinasi'!I23/'Data Destinasi'!I24 -> 1 | I24: =C24*'Data Kriteria & Bobot'!E4 -> 0.2 | J24: =D24*'Data Kriteria & Bobot'!E5 -> 0.2 | K24: =E24*'Data Kriteria & Bobot'!E6 -> 0.12 | L24: =F24*'Data Kriteria & Bobot'!E7 -> 0.2 | M24: =G24*'Data Kriteria & Bobot'!E8 -> 0.1 | N24: =H24*'Data Kriteria & Bobot'!E9 -> 0.1 | O24: =SUM(I24:N24) -> 0.92 | P24: =RANK(O24,$O$5:$O$24,0) -> 4
B25: TOTAL BOBOT CHECK | I25: ='Data Kriteria & Bobot'!E4 -> 0.25 | J25: ='Data Kriteria & Bobot'!E5 -> 0.2 | K25: ='Data Kriteria & Bobot'!E6 -> 0.15 | L25: ='Data Kriteria & Bobot'!E7 -> 0.2 | M25: ='Data Kriteria & Bobot'!E8 -> 0.1 | N25: ='Data Kriteria & Bobot'!E9 -> 0.1 | O25: =SUM(I25:N25) -> 1

Sheet Analisis Sensitivitas
A1: ANALISIS SENSITIVITAS BOBOT – SIMULASI ±20% PER KRITERIA
A2: Analisis sensitivitas menguji stabilitas ranking saat bobot satu kriteria diubah ±20% (bobot lain dibagi proporsional agar total tetap = 1). Jika ranking Top-5 tidak berubah, model dinyatakan robust.
A4: BAGIAN A: BOBOT BASELINE DAN SKENARIO SIMULASI
A5: Kriteria | B5: Nama | C5: Bobot Baseline | D5: Skenario 1 +20% K1 | E5: Skenario 2 +20% K2 | F5: Skenario 3 +20% K3 | G5: Skenario 4 +20% K4 | H5: Skenario 5 +20% K5 | I5: Skenario 6 +20% K6 | J5: Skenario 7 -20% K1 | K5: Skenario 8 -20% K2
A6: K1 | B6: Keaslian Kuliner | C6: ='Data Kriteria & Bobot'!E4 -> 0.25 | D6: =C6*(1+1*0.2) -> 0.3 | E6: =C6*(1-$C$7*1*0.2)/(1-$C$7) -> 0.3 | F6: =C6*(1-$C$8*1*0.2)/(1-$C$8) -> 0.28529412 | G6: =C6*(1-$C$9*1*0.2)/(1-$C$9) -> 0.3 | H6: =C6*(1-$C$10*1*0.2)/(1-$C$10) -> 0.27222222 | I6: =C6*(1-$C$11*1*0.2)/(1-$C$11) -> 0.27222222 | J6: =C6*(1+-1*0.2) -> 0.2 | K6: =C6*(1-$C$7*-1*0.2)/(1-$C$7) -> 0.325
A7: K2 | B7: Nilai Budaya & Sejarah | C7: ='Data Kriteria & Bobot'!E5 -> 0.2 | D7: =C7*(1-$C$6*1*0.2)/(1-$C$6) -> 0.25333333 | E7: =C7*(1+1*0.2) -> 0.24 | F7: =C7*(1-$C$8*1*0.2)/(1-$C$8) -> 0.22823529 | G7: =C7*(1-$C$9*1*0.2)/(1-$C$9) -> 0.24 | H7: =C7*(1-$C$10*1*0.2)/(1-$C$10) -> 0.21777778 | I7: =C7*(1-$C$11*1*0.2)/(1-$C$11) -> 0.21777778 | J7: =C7*(1-$C$6*-1*0.2)/(1-$C$6) -> 0.28 | K7: =C7*(1+-1*0.2) -> 0.16
A8: K3 | B8: Aksesibilitas | C8: ='Data Kriteria & Bobot'!E6 -> 0.15 | D8: =C8*(1-$C$6*1*0.2)/(1-$C$6) -> 0.19 | E8: =C8*(1-$C$7*1*0.2)/(1-$C$7) -> 0.18 | F8: =C8*(1+1*0.2) -> 0.18 | G8: =C8*(1-$C$9*1*0.2)/(1-$C$9) -> 0.18 | H8: =C8*(1-$C$10*1*0.2)/(1-$C$10) -> 0.16333333 | I8: =C8*(1-$C$11*1*0.2)/(1-$C$11) -> 0.16333333 | J8: =C8*(1-$C$6*-1*0.2)/(1-$C$6) -> 0.21 | K8: =C8*(1-$C$7*-1*0.2)/(1-$C$7) -> 0.195
A9: K4 | B9: Daya Tarik Wisata | C9: ='Data Kriteria & Bobot'!E7 -> 0.2 | D9: =C9*(1-$C$6*1*0.2)/(1-$C$6) -> 0.25333333 | E9: =C9*(1-$C$7*1*0.2)/(1-$C$7) -> 0.24 | F9: =C9*(1-$C$8*1*0.2)/(1-$C$8) -> 0.22823529 | G9: =C9*(1+1*0.2) -> 0.24 | H9: =C9*(1-$C$10*1*0.2)/(1-$C$10) -> 0.21777778 | I9: =C9*(1-$C$11*1*0.2)/(1-$C$11) -> 0.21777778 | J9: =C9*(1-$C$6*-1*0.2)/(1-$C$6) -> 0.28 | K9: =C9*(1-$C$7*-1*0.2)/(1-$C$7) -> 0.26
A10: K5 | B10: Dukungan Komunitas | C10: ='Data Kriteria & Bobot'!E8 -> 0.1 | D10: =C10*(1-$C$6*1*0.2)/(1-$C$6) -> 0.12666667 | E10: =C10*(1-$C$7*1*0.2)/(1-$C$7) -> 0.12 | F10: =C10*(1-$C$8*1*0.2)/(1-$C$8) -> 0.11411765 | G10: =C10*(1-$C$9*1*0.2)/(1-$C$9) -> 0.12 | H10: =C10*(1+1*0.2) -> 0.12 | I10: =C10*(1-$C$11*1*0.2)/(1-$C$11) -> 0.10888889 | J10: =C10*(1-$C$6*-1*0.2)/(1-$C$6) -> 0.14 | K10: =C10*(1-$C$7*-1*0.2)/(1-$C$7) -> 0.13
A11: K6 | B11: Potensi Ekonomi | C11: ='Data Kriteria & Bobot'!E9 -> 0.1 | D11: =C11*(1-$C$6*1*0.2)/(1-$C$6) -> 0.12666667 | E11: =C11*(1-$C$7*1*0.2)/(1-$C$7) -> 0.12 | F11: =C11*(1-$C$8*1*0.2)/(1-$C$8) -> 0.11411765 | G11: =C11*(1-$C$9*1*0.2)/(1-$C$9) -> 0.12 | H11: =C11*(1-$C$10*1*0.2)/(1-$C$10) -> 0.10888889 | I11: =C11*(1+1*0.2) -> 0.12 | J11: =C11*(1-$C$6*-1*0.2)/(1-$C$6) -> 0.14 | K11: =C11*(1-$C$7*-1*0.2)/(1-$C$7) -> 0.13
B12: TOTAL CHECK (harus = 1.00) | C12: =SUM(C6:C11) -> 1 | D12: =SUM(D6:D11) -> 1.25 | E12: =SUM(E6:E11) -> 1.2 | F12: =SUM(F6:F11) -> 1.15 | G12: =SUM(G6:G11) -> 1.2 | H12: =SUM(H6:H11) -> 1.1 | I12: =SUM(I6:I11) -> 1.1 | J12: =SUM(J6:J11) -> 1.25 | K12: =SUM(K6:K11) -> 1.2
A14: BAGIAN B: RANKING TOP-5 DI BAWAH SETIAP SKENARIO BOBOT
A15: No | B15: Nama Destinasi | C15: Rank Baseline | D15: Rank Skenario 1 | E15: Rank Skenario 2 | F15: Rank Skenario 3 | G15: Rank Skenario 4 | H15: Rank Skenario 5 | I15: Rank Skenario 6 | J15: Rank Skenario 7 | K15: Rank Skenario 8 | L15: Min Rank | M15: Max Rank | N15: Rentang | O15: Stabilitas
A16: D01 | B16: Timlo Sastro | C16: ='Perhitungan MFEP'!P5 -> 1 | D16: =SUMPRODUCT('Perhitungan MFEP'!C5:H5,TRANSPOSE(D6:D11)) -> #VALUE! | E16: =SUMPRODUCT('Perhitungan MFEP'!C5:H5,TRANSPOSE(E6:E11)) -> #VALUE! | F16: =SUMPRODUCT('Perhitungan MFEP'!C5:H5,TRANSPOSE(F6:F11)) -> #VALUE! | G16: =SUMPRODUCT('Perhitungan MFEP'!C5:H5,TRANSPOSE(G6:G11)) -> #VALUE! | H16: =SUMPRODUCT('Perhitungan MFEP'!C5:H5,TRANSPOSE(H6:H11)) -> #VALUE! | I16: =SUMPRODUCT('Perhitungan MFEP'!C5:H5,TRANSPOSE(I6:I11)) -> #VALUE! | J16: =SUMPRODUCT('Perhitungan MFEP'!C5:H5,TRANSPOSE(J6:J11)) -> #VALUE! | K16: =SUMPRODUCT('Perhitungan MFEP'!C5:H5,TRANSPOSE(K6:K11)) -> #VALUE! | L16: =MIN(D16:K16) -> #VALUE! | M16: =MAX(D16:K16) -> #VALUE! | N16: =M16-L16 -> #VALUE! | O16: =IF(N16<0.05,"Stabil","Sensitif") -> #VALUE!
A17: D02 | B17: Nasi Liwet Bu Wongso Lemu | C17: ='Perhitungan MFEP'!P6 -> 2 | D17: =SUMPRODUCT('Perhitungan MFEP'!C6:H6,TRANSPOSE(D6:D11)) -> #VALUE! | E17: =SUMPRODUCT('Perhitungan MFEP'!C6:H6,TRANSPOSE(E6:E11)) -> #VALUE! | F17: =SUMPRODUCT('Perhitungan MFEP'!C6:H6,TRANSPOSE(F6:F11)) -> #VALUE! | G17: =SUMPRODUCT('Perhitungan MFEP'!C6:H6,TRANSPOSE(G6:G11)) -> #VALUE! | H17: =SUMPRODUCT('Perhitungan MFEP'!C6:H6,TRANSPOSE(H6:H11)) -> #VALUE! | I17: =SUMPRODUCT('Perhitungan MFEP'!C6:H6,TRANSPOSE(I6:I11)) -> #VALUE! | J17: =SUMPRODUCT('Perhitungan MFEP'!C6:H6,TRANSPOSE(J6:J11)) -> #VALUE! | K17: =SUMPRODUCT('Perhitungan MFEP'!C6:H6,TRANSPOSE(K6:K11)) -> #VALUE! | L17: =MIN(D17:K17) -> #VALUE! | M17: =MAX(D17:K17) -> #VALUE! | N17: =M17-L17 -> #VALUE! | O17: =IF(N17<0.05,"Stabil","Sensitif") -> #VALUE!
A18: D03 | B18: Selat Solo Mbak Lies | C18: ='Perhitungan MFEP'!P7 -> 6 | D18: =SUMPRODUCT('Perhitungan MFEP'!C7:H7,TRANSPOSE(D6:D11)) -> #VALUE! | E18: =SUMPRODUCT('Perhitungan MFEP'!C7:H7,TRANSPOSE(E6:E11)) -> #VALUE! | F18: =SUMPRODUCT('Perhitungan MFEP'!C7:H7,TRANSPOSE(F6:F11)) -> #VALUE! | G18: =SUMPRODUCT('Perhitungan MFEP'!C7:H7,TRANSPOSE(G6:G11)) -> #VALUE! | H18: =SUMPRODUCT('Perhitungan MFEP'!C7:H7,TRANSPOSE(H6:H11)) -> #VALUE! | I18: =SUMPRODUCT('Perhitungan MFEP'!C7:H7,TRANSPOSE(I6:I11)) -> #VALUE! | J18: =SUMPRODUCT('Perhitungan MFEP'!C7:H7,TRANSPOSE(J6:J11)) -> #VALUE! | K18: =SUMPRODUCT('Perhitungan MFEP'!C7:H7,TRANSPOSE(K6:K11)) -> #VALUE! | L18: =MIN(D18:K18) -> #VALUE! | M18: =MAX(D18:K18) -> #VALUE! | N18: =M18-L18 -> #VALUE! | O18: =IF(N18<0.05,"Stabil","Sensitif") -> #VALUE!
A19: D04 | B19: Soto Gading | C19: ='Perhitungan MFEP'!P8 -> 12 | D19: =SUMPRODUCT('Perhitungan MFEP'!C8:H8,TRANSPOSE(D6:D11)) -> #VALUE! | E19: =SUMPRODUCT('Perhitungan MFEP'!C8:H8,TRANSPOSE(E6:E11)) -> #VALUE! | F19: =SUMPRODUCT('Perhitungan MFEP'!C8:H8,TRANSPOSE(F6:F11)) -> #VALUE! | G19: =SUMPRODUCT('Perhitungan MFEP'!C8:H8,TRANSPOSE(G6:G11)) -> #VALUE! | H19: =SUMPRODUCT('Perhitungan MFEP'!C8:H8,TRANSPOSE(H6:H11)) -> #VALUE! | I19: =SUMPRODUCT('Perhitungan MFEP'!C8:H8,TRANSPOSE(I6:I11)) -> #VALUE! | J19: =SUMPRODUCT('Perhitungan MFEP'!C8:H8,TRANSPOSE(J6:J11)) -> #VALUE! | K19: =SUMPRODUCT('Perhitungan MFEP'!C8:H8,TRANSPOSE(K6:K11)) -> #VALUE! | L19: =MIN(D19:K19) -> #VALUE! | M19: =MAX(D19:K19) -> #VALUE! | N19: =M19-L19 -> #VALUE! | O19: =IF(N19<0.05,"Stabil","Sensitif") -> #VALUE!
A20: D05 | B20: Wedangan Jadul Pak Gareng | C20: ='Perhitungan MFEP'!P9 -> 14 | D20: =SUMPRODUCT('Perhitungan MFEP'!C9:H9,TRANSPOSE(D6:D11)) -> #VALUE! | E20: =SUMPRODUCT('Perhitungan MFEP'!C9:H9,TRANSPOSE(E6:E11)) -> #VALUE! | F20: =SUMPRODUCT('Perhitungan MFEP'!C9:H9,TRANSPOSE(F6:F11)) -> #VALUE! | G20: =SUMPRODUCT('Perhitungan MFEP'!C9:H9,TRANSPOSE(G6:G11)) -> #VALUE! | H20: =SUMPRODUCT('Perhitungan MFEP'!C9:H9,TRANSPOSE(H6:H11)) -> #VALUE! | I20: =SUMPRODUCT('Perhitungan MFEP'!C9:H9,TRANSPOSE(I6:I11)) -> #VALUE! | J20: =SUMPRODUCT('Perhitungan MFEP'!C9:H9,TRANSPOSE(J6:J11)) -> #VALUE! | K20: =SUMPRODUCT('Perhitungan MFEP'!C9:H9,TRANSPOSE(K6:K11)) -> #VALUE! | L20: =MIN(D20:K20) -> #VALUE! | M20: =MAX(D20:K20) -> #VALUE! | N20: =M20-L20 -> #VALUE! | O20: =IF(N20<0.05,"Stabil","Sensitif") -> #VALUE!
A21: D06 | B21: Pasar Gede – Zona Kuliner | C21: ='Perhitungan MFEP'!P10 -> 5 | D21: =SUMPRODUCT('Perhitungan MFEP'!C10:H10,TRANSPOSE(D6:D11)) -> #VALUE! | E21: =SUMPRODUCT('Perhitungan MFEP'!C10:H10,TRANSPOSE(E6:E11)) -> #VALUE! | F21: =SUMPRODUCT('Perhitungan MFEP'!C10:H10,TRANSPOSE(F6:F11)) -> #VALUE! | G21: =SUMPRODUCT('Perhitungan MFEP'!C10:H10,TRANSPOSE(G6:G11)) -> #VALUE! | H21: =SUMPRODUCT('Perhitungan MFEP'!C10:H10,TRANSPOSE(H6:H11)) -> #VALUE! | I21: =SUMPRODUCT('Perhitungan MFEP'!C10:H10,TRANSPOSE(I6:I11)) -> #VALUE! | J21: =SUMPRODUCT('Perhitungan MFEP'!C10:H10,TRANSPOSE(J6:J11)) -> #VALUE! | K21: =SUMPRODUCT('Perhitungan MFEP'!C10:H10,TRANSPOSE(K6:K11)) -> #VALUE! | L21: =MIN(D21:K21) -> #VALUE! | M21: =MAX(D21:K21) -> #VALUE! | N21: =M21-L21 -> #VALUE! | O21: =IF(N21<0.05,"Stabil","Sensitif") -> #VALUE!
A22: D07 | B22: Nasi Gudeg Bu Semi | C22: ='Perhitungan MFEP'!P11 -> 17 | D22: =SUMPRODUCT('Perhitungan MFEP'!C11:H11,TRANSPOSE(D6:D11)) -> #VALUE! | E22: =SUMPRODUCT('Perhitungan MFEP'!C11:H11,TRANSPOSE(E6:E11)) -> #VALUE! | F22: =SUMPRODUCT('Perhitungan MFEP'!C11:H11,TRANSPOSE(F6:F11)) -> #VALUE! | G22: =SUMPRODUCT('Perhitungan MFEP'!C11:H11,TRANSPOSE(G6:G11)) -> #VALUE! | H22: =SUMPRODUCT('Perhitungan MFEP'!C11:H11,TRANSPOSE(H6:H11)) -> #VALUE! | I22: =SUMPRODUCT('Perhitungan MFEP'!C11:H11,TRANSPOSE(I6:I11)) -> #VALUE! | J22: =SUMPRODUCT('Perhitungan MFEP'!C11:H11,TRANSPOSE(J6:J11)) -> #VALUE! | K22: =SUMPRODUCT('Perhitungan MFEP'!C11:H11,TRANSPOSE(K6:K11)) -> #VALUE! | L22: =MIN(D22:K22) -> #VALUE! | M22: =MAX(D22:K22) -> #VALUE! | N22: =M22-L22 -> #VALUE! | O22: =IF(N22<0.05,"Stabil","Sensitif") -> #VALUE!
A23: D08 | B23: Dawet Telasih Bu Dermi | C23: ='Perhitungan MFEP'!P12 -> 6 | D23: =SUMPRODUCT('Perhitungan MFEP'!C12:H12,TRANSPOSE(D6:D11)) -> #VALUE! | E23: =SUMPRODUCT('Perhitungan MFEP'!C12:H12,TRANSPOSE(E6:E11)) -> #VALUE! | F23: =SUMPRODUCT('Perhitungan MFEP'!C12:H12,TRANSPOSE(F6:F11)) -> #VALUE! | G23: =SUMPRODUCT('Perhitungan MFEP'!C12:H12,TRANSPOSE(G6:G11)) -> #VALUE! | H23: =SUMPRODUCT('Perhitungan MFEP'!C12:H12,TRANSPOSE(H6:H11)) -> #VALUE! | I23: =SUMPRODUCT('Perhitungan MFEP'!C12:H12,TRANSPOSE(I6:I11)) -> #VALUE! | J23: =SUMPRODUCT('Perhitungan MFEP'!C12:H12,TRANSPOSE(J6:J11)) -> #VALUE! | K23: =SUMPRODUCT('Perhitungan MFEP'!C12:H12,TRANSPOSE(K6:K11)) -> #VALUE! | L23: =MIN(D23:K23) -> #VALUE! | M23: =MAX(D23:K23) -> #VALUE! | N23: =M23-L23 -> #VALUE! | O23: =IF(N23<0.05,"Stabil","Sensitif") -> #VALUE!
A24: D09 | B24: Intip Goreng Pak Slamet | C24: ='Perhitungan MFEP'!P13 -> 20 | D24: =SUMPRODUCT('Perhitungan MFEP'!C13:H13,TRANSPOSE(D6:D11)) -> #VALUE! | E24: =SUMPRODUCT('Perhitungan MFEP'!C13:H13,TRANSPOSE(E6:E11)) -> #VALUE! | F24: =SUMPRODUCT('Perhitungan MFEP'!C13:H13,TRANSPOSE(F6:F11)) -> #VALUE! | G24: =SUMPRODUCT('Perhitungan MFEP'!C13:H13,TRANSPOSE(G6:G11)) -> #VALUE! | H24: =SUMPRODUCT('Perhitungan MFEP'!C13:H13,TRANSPOSE(H6:H11)) -> #VALUE! | I24: =SUMPRODUCT('Perhitungan MFEP'!C13:H13,TRANSPOSE(I6:I11)) -> #VALUE! | J24: =SUMPRODUCT('Perhitungan MFEP'!C13:H13,TRANSPOSE(J6:J11)) -> #VALUE! | K24: =SUMPRODUCT('Perhitungan MFEP'!C13:H13,TRANSPOSE(K6:K11)) -> #VALUE! | L24: =MIN(D24:K24) -> #VALUE! | M24: =MAX(D24:K24) -> #VALUE! | N24: =M24-L24 -> #VALUE! | O24: =IF(N24<0.05,"Stabil","Sensitif") -> #VALUE!
A25: D10 | B25: Sate Buntel Mbok Galak | C25: ='Perhitungan MFEP'!P14 -> 12 | D25: =SUMPRODUCT('Perhitungan MFEP'!C14:H14,TRANSPOSE(D6:D11)) -> #VALUE! | E25: =SUMPRODUCT('Perhitungan MFEP'!C14:H14,TRANSPOSE(E6:E11)) -> #VALUE! | F25: =SUMPRODUCT('Perhitungan MFEP'!C14:H14,TRANSPOSE(F6:F11)) -> #VALUE! | G25: =SUMPRODUCT('Perhitungan MFEP'!C14:H14,TRANSPOSE(G6:G11)) -> #VALUE! | H25: =SUMPRODUCT('Perhitungan MFEP'!C14:H14,TRANSPOSE(H6:H11)) -> #VALUE! | I25: =SUMPRODUCT('Perhitungan MFEP'!C14:H14,TRANSPOSE(I6:I11)) -> #VALUE! | J25: =SUMPRODUCT('Perhitungan MFEP'!C14:H14,TRANSPOSE(J6:J11)) -> #VALUE! | K25: =SUMPRODUCT('Perhitungan MFEP'!C14:H14,TRANSPOSE(K6:K11)) -> #VALUE! | L25: =MIN(D25:K25) -> #VALUE! | M25: =MAX(D25:K25) -> #VALUE! | N25: =M25-L25 -> #VALUE! | O25: =IF(N25<0.05,"Stabil","Sensitif") -> #VALUE!
A26: D11 | B26: Tengkleng Bu Edi | C26: ='Perhitungan MFEP'!P15 -> 2 | D26: =SUMPRODUCT('Perhitungan MFEP'!C15:H15,TRANSPOSE(D6:D11)) -> #VALUE! | E26: =SUMPRODUCT('Perhitungan MFEP'!C15:H15,TRANSPOSE(E6:E11)) -> #VALUE! | F26: =SUMPRODUCT('Perhitungan MFEP'!C15:H15,TRANSPOSE(F6:F11)) -> #VALUE! | G26: =SUMPRODUCT('Perhitungan MFEP'!C15:H15,TRANSPOSE(G6:G11)) -> #VALUE! | H26: =SUMPRODUCT('Perhitungan MFEP'!C15:H15,TRANSPOSE(H6:H11)) -> #VALUE! | I26: =SUMPRODUCT('Perhitungan MFEP'!C15:H15,TRANSPOSE(I6:I11)) -> #VALUE! | J26: =SUMPRODUCT('Perhitungan MFEP'!C15:H15,TRANSPOSE(J6:J11)) -> #VALUE! | K26: =SUMPRODUCT('Perhitungan MFEP'!C15:H15,TRANSPOSE(K6:K11)) -> #VALUE! | L26: =MIN(D26:K26) -> #VALUE! | M26: =MAX(D26:K26) -> #VALUE! | N26: =M26-L26 -> #VALUE! | O26: =IF(N26<0.05,"Stabil","Sensitif") -> #VALUE!
A27: D12 | B27: Cabuk Rambak Pak Birin | C27: ='Perhitungan MFEP'!P16 -> 14 | D27: =SUMPRODUCT('Perhitungan MFEP'!C16:H16,TRANSPOSE(D6:D11)) -> #VALUE! | E27: =SUMPRODUCT('Perhitungan MFEP'!C16:H16,TRANSPOSE(E6:E11)) -> #VALUE! | F27: =SUMPRODUCT('Perhitungan MFEP'!C16:H16,TRANSPOSE(F6:F11)) -> #VALUE! | G27: =SUMPRODUCT('Perhitungan MFEP'!C16:H16,TRANSPOSE(G6:G11)) -> #VALUE! | H27: =SUMPRODUCT('Perhitungan MFEP'!C16:H16,TRANSPOSE(H6:H11)) -> #VALUE! | I27: =SUMPRODUCT('Perhitungan MFEP'!C16:H16,TRANSPOSE(I6:I11)) -> #VALUE! | J27: =SUMPRODUCT('Perhitungan MFEP'!C16:H16,TRANSPOSE(J6:J11)) -> #VALUE! | K27: =SUMPRODUCT('Perhitungan MFEP'!C16:H16,TRANSPOSE(K6:K11)) -> #VALUE! | L27: =MIN(D27:K27) -> #VALUE! | M27: =MAX(D27:K27) -> #VALUE! | N27: =M27-L27 -> #VALUE! | O27: =IF(N27<0.05,"Stabil","Sensitif") -> #VALUE!
A28: D13 | B28: Roti Mandarin Orion | C28: ='Perhitungan MFEP'!P17 -> 17 | D28: =SUMPRODUCT('Perhitungan MFEP'!C17:H17,TRANSPOSE(D6:D11)) -> #VALUE! | E28: =SUMPRODUCT('Perhitungan MFEP'!C17:H17,TRANSPOSE(E6:E11)) -> #VALUE! | F28: =SUMPRODUCT('Perhitungan MFEP'!C17:H17,TRANSPOSE(F6:F11)) -> #VALUE! | G28: =SUMPRODUCT('Perhitungan MFEP'!C17:H17,TRANSPOSE(G6:G11)) -> #VALUE! | H28: =SUMPRODUCT('Perhitungan MFEP'!C17:H17,TRANSPOSE(H6:H11)) -> #VALUE! | I28: =SUMPRODUCT('Perhitungan MFEP'!C17:H17,TRANSPOSE(I6:I11)) -> #VALUE! | J28: =SUMPRODUCT('Perhitungan MFEP'!C17:H17,TRANSPOSE(J6:J11)) -> #VALUE! | K28: =SUMPRODUCT('Perhitungan MFEP'!C17:H17,TRANSPOSE(K6:K11)) -> #VALUE! | L28: =MIN(D28:K28) -> #VALUE! | M28: =MAX(D28:K28) -> #VALUE! | N28: =M28-L28 -> #VALUE! | O28: =IF(N28<0.05,"Stabil","Sensitif") -> #VALUE!
A29: D14 | B29: Wedang Ronde Pak Min | C29: ='Perhitungan MFEP'!P18 -> 16 | D29: =SUMPRODUCT('Perhitungan MFEP'!C18:H18,TRANSPOSE(D6:D11)) -> #VALUE! | E29: =SUMPRODUCT('Perhitungan MFEP'!C18:H18,TRANSPOSE(E6:E11)) -> #VALUE! | F29: =SUMPRODUCT('Perhitungan MFEP'!C18:H18,TRANSPOSE(F6:F11)) -> #VALUE! | G29: =SUMPRODUCT('Perhitungan MFEP'!C18:H18,TRANSPOSE(G6:G11)) -> #VALUE! | H29: =SUMPRODUCT('Perhitungan MFEP'!C18:H18,TRANSPOSE(H6:H11)) -> #VALUE! | I29: =SUMPRODUCT('Perhitungan MFEP'!C18:H18,TRANSPOSE(I6:I11)) -> #VALUE! | J29: =SUMPRODUCT('Perhitungan MFEP'!C18:H18,TRANSPOSE(J6:J11)) -> #VALUE! | K29: =SUMPRODUCT('Perhitungan MFEP'!C18:H18,TRANSPOSE(K6:K11)) -> #VALUE! | L29: =MIN(D29:K29) -> #VALUE! | M29: =MAX(D29:K29) -> #VALUE! | N29: =M29-L29 -> #VALUE! | O29: =IF(N29<0.05,"Stabil","Sensitif") -> #VALUE!
A30: D15 | B30: Jenang Mirah | C30: ='Perhitungan MFEP'!P19 -> 11 | D30: =SUMPRODUCT('Perhitungan MFEP'!C19:H19,TRANSPOSE(D6:D11)) -> #VALUE! | E30: =SUMPRODUCT('Perhitungan MFEP'!C19:H19,TRANSPOSE(E6:E11)) -> #VALUE! | F30: =SUMPRODUCT('Perhitungan MFEP'!C19:H19,TRANSPOSE(F6:F11)) -> #VALUE! | G30: =SUMPRODUCT('Perhitungan MFEP'!C19:H19,TRANSPOSE(G6:G11)) -> #VALUE! | H30: =SUMPRODUCT('Perhitungan MFEP'!C19:H19,TRANSPOSE(H6:H11)) -> #VALUE! | I30: =SUMPRODUCT('Perhitungan MFEP'!C19:H19,TRANSPOSE(I6:I11)) -> #VALUE! | J30: =SUMPRODUCT('Perhitungan MFEP'!C19:H19,TRANSPOSE(J6:J11)) -> #VALUE! | K30: =SUMPRODUCT('Perhitungan MFEP'!C19:H19,TRANSPOSE(K6:K11)) -> #VALUE! | L30: =MIN(D30:K30) -> #VALUE! | M30: =MAX(D30:K30) -> #VALUE! | N30: =M30-L30 -> #VALUE! | O30: =IF(N30<0.05,"Stabil","Sensitif") -> #VALUE!
A31: D16 | B31: Gempol Pleret Bu Sari | C31: ='Perhitungan MFEP'!P20 -> 9 | D31: =SUMPRODUCT('Perhitungan MFEP'!C20:H20,TRANSPOSE(D6:D11)) -> #VALUE! | E31: =SUMPRODUCT('Perhitungan MFEP'!C20:H20,TRANSPOSE(E6:E11)) -> #VALUE! | F31: =SUMPRODUCT('Perhitungan MFEP'!C20:H20,TRANSPOSE(F6:F11)) -> #VALUE! | G31: =SUMPRODUCT('Perhitungan MFEP'!C20:H20,TRANSPOSE(G6:G11)) -> #VALUE! | H31: =SUMPRODUCT('Perhitungan MFEP'!C20:H20,TRANSPOSE(H6:H11)) -> #VALUE! | I31: =SUMPRODUCT('Perhitungan MFEP'!C20:H20,TRANSPOSE(I6:I11)) -> #VALUE! | J31: =SUMPRODUCT('Perhitungan MFEP'!C20:H20,TRANSPOSE(J6:J11)) -> #VALUE! | K31: =SUMPRODUCT('Perhitungan MFEP'!C20:H20,TRANSPOSE(K6:K11)) -> #VALUE! | L31: =MIN(D31:K31) -> #VALUE! | M31: =MAX(D31:K31) -> #VALUE! | N31: =M31-L31 -> #VALUE! | O31: =IF(N31<0.05,"Stabil","Sensitif") -> #VALUE!
A32: D17 | B32: Sego Pecel Bu Tun | C32: ='Perhitungan MFEP'!P21 -> 17 | D32: =SUMPRODUCT('Perhitungan MFEP'!C21:H21,TRANSPOSE(D6:D11)) -> #VALUE! | E32: =SUMPRODUCT('Perhitungan MFEP'!C21:H21,TRANSPOSE(E6:E11)) -> #VALUE! | F32: =SUMPRODUCT('Perhitungan MFEP'!C21:H21,TRANSPOSE(F6:F11)) -> #VALUE! | G32: =SUMPRODUCT('Perhitungan MFEP'!C21:H21,TRANSPOSE(G6:G11)) -> #VALUE! | H32: =SUMPRODUCT('Perhitungan MFEP'!C21:H21,TRANSPOSE(H6:H11)) -> #VALUE! | I32: =SUMPRODUCT('Perhitungan MFEP'!C21:H21,TRANSPOSE(I6:I11)) -> #VALUE! | J32: =SUMPRODUCT('Perhitungan MFEP'!C21:H21,TRANSPOSE(J6:J11)) -> #VALUE! | K32: =SUMPRODUCT('Perhitungan MFEP'!C21:H21,TRANSPOSE(K6:K11)) -> #VALUE! | L32: =MIN(D32:K32) -> #VALUE! | M32: =MAX(D32:K32) -> #VALUE! | N32: =M32-L32 -> #VALUE! | O32: =IF(N32<0.05,"Stabil","Sensitif") -> #VALUE!
A33: D18 | B33: Garang Asem Bu Sulastri | C33: ='Perhitungan MFEP'!P22 -> 9 | D33: =SUMPRODUCT('Perhitungan MFEP'!C22:H22,TRANSPOSE(D6:D11)) -> #VALUE! | E33: =SUMPRODUCT('Perhitungan MFEP'!C22:H22,TRANSPOSE(E6:E11)) -> #VALUE! | F33: =SUMPRODUCT('Perhitungan MFEP'!C22:H22,TRANSPOSE(F6:F11)) -> #VALUE! | G33: =SUMPRODUCT('Perhitungan MFEP'!C22:H22,TRANSPOSE(G6:G11)) -> #VALUE! | H33: =SUMPRODUCT('Perhitungan MFEP'!C22:H22,TRANSPOSE(H6:H11)) -> #VALUE! | I33: =SUMPRODUCT('Perhitungan MFEP'!C22:H22,TRANSPOSE(I6:I11)) -> #VALUE! | J33: =SUMPRODUCT('Perhitungan MFEP'!C22:H22,TRANSPOSE(J6:J11)) -> #VALUE! | K33: =SUMPRODUCT('Perhitungan MFEP'!C22:H22,TRANSPOSE(K6:K11)) -> #VALUE! | L33: =MIN(D33:K33) -> #VALUE! | M33: =MAX(D33:K33) -> #VALUE! | N33: =M33-L33 -> #VALUE! | O33: =IF(N33<0.05,"Stabil","Sensitif") -> #VALUE!
A34: D19 | B34: Bestik Jawa Pak Maryanto | C34: ='Perhitungan MFEP'!P23 -> 6 | D34: =SUMPRODUCT('Perhitungan MFEP'!C23:H23,TRANSPOSE(D6:D11)) -> #VALUE! | E34: =SUMPRODUCT('Perhitungan MFEP'!C23:H23,TRANSPOSE(E6:E11)) -> #VALUE! | F34: =SUMPRODUCT('Perhitungan MFEP'!C23:H23,TRANSPOSE(F6:F11)) -> #VALUE! | G34: =SUMPRODUCT('Perhitungan MFEP'!C23:H23,TRANSPOSE(G6:G11)) -> #VALUE! | H34: =SUMPRODUCT('Perhitungan MFEP'!C23:H23,TRANSPOSE(H6:H11)) -> #VALUE! | I34: =SUMPRODUCT('Perhitungan MFEP'!C23:H23,TRANSPOSE(I6:I11)) -> #VALUE! | J34: =SUMPRODUCT('Perhitungan MFEP'!C23:H23,TRANSPOSE(J6:J11)) -> #VALUE! | K34: =SUMPRODUCT('Perhitungan MFEP'!C23:H23,TRANSPOSE(K6:K11)) -> #VALUE! | L34: =MIN(D34:K34) -> #VALUE! | M34: =MAX(D34:K34) -> #VALUE! | N34: =M34-L34 -> #VALUE! | O34: =IF(N34<0.05,"Stabil","Sensitif") -> #VALUE!
A35: D20 | B35: Pasar Triwindu – Kuliner Heritage | C35: ='Perhitungan MFEP'!P24 -> 4 | D35: =SUMPRODUCT('Perhitungan MFEP'!C24:H24,TRANSPOSE(D6:D11)) -> #VALUE! | E35: =SUMPRODUCT('Perhitungan MFEP'!C24:H24,TRANSPOSE(E6:E11)) -> #VALUE! | F35: =SUMPRODUCT('Perhitungan MFEP'!C24:H24,TRANSPOSE(F6:F11)) -> #VALUE! | G35: =SUMPRODUCT('Perhitungan MFEP'!C24:H24,TRANSPOSE(G6:G11)) -> #VALUE! | H35: =SUMPRODUCT('Perhitungan MFEP'!C24:H24,TRANSPOSE(H6:H11)) -> #VALUE! | I35: =SUMPRODUCT('Perhitungan MFEP'!C24:H24,TRANSPOSE(I6:I11)) -> #VALUE! | J35: =SUMPRODUCT('Perhitungan MFEP'!C24:H24,TRANSPOSE(J6:J11)) -> #VALUE! | K35: =SUMPRODUCT('Perhitungan MFEP'!C24:H24,TRANSPOSE(K6:K11)) -> #VALUE! | L35: =MIN(D35:K35) -> #VALUE! | M35: =MAX(D35:K35) -> #VALUE! | N35: =M35-L35 -> #VALUE! | O35: =IF(N35<0.05,"Stabil","Sensitif") -> #VALUE!

Sheet Hasil & Rekomendasi
A1: HASIL RANKING MFEP & REKOMENDASI KEBIJAKAN PELESTARIAN KULINER TRADISIONAL SURAKARTA
A3: TABEL RANKING LENGKAP 20 DESTINASI
A4: Rank | B4: Nama Destinasi | C4: Kode | D4: Total Skor MFEP | E4: Kategori Prioritas | F4: Kekuatan Utama | G4: Rekomendasi Kebijakan | H4: Sumber Dana Pelestarian
A5: ='Perhitungan MFEP'!P5 -> 1 | B5: ='Perhitungan MFEP'!B5 -> Timlo Sastro | C5: ='Data Destinasi'!A4 -> D01 | D5: ='Perhitungan MFEP'!O5 -> 0.96 | E5: Unggulan Heritage | F5: Keaslian & budaya kuat | G5: Program Sertifikasi Kuliner Warisan Budaya | H5: APBD Kota + Kemenpar
A6: ='Perhitungan MFEP'!P6 -> 2 | B6: ='Perhitungan MFEP'!B6 -> Nasi Liwet Bu Wongso Lemu | C6: ='Data Destinasi'!A5 -> D02 | D6: ='Perhitungan MFEP'!O6 -> 0.93 | E6: Unggulan Heritage | F6: Nilai budaya & komunitas | G6: Festival Gastronomi Tahunan & promosi digital | H6: APBD + CSR
A7: ='Perhitungan MFEP'!P7 -> 6 | B7: ='Perhitungan MFEP'!B7 -> Selat Solo Mbak Lies | C7: ='Data Destinasi'!A6 -> D03 | D7: ='Perhitungan MFEP'!O7 -> 0.89 | E7: Unggulan Heritage | F7: Keaslian tinggi | G7: Dokumentasi resep & sertifikasi autentisitas | H7: Hibah kebudayaan
A8: ='Perhitungan MFEP'!P8 -> 12 | B8: ='Perhitungan MFEP'!B8 -> Soto Gading | C8: ='Data Destinasi'!A7 -> D04 | D8: ='Perhitungan MFEP'!O8 -> 0.81 | E8: Prioritas A | F8: Aksesibilitas & lokasi strategis | G8: Penetapan kawasan kuliner tradisional | H8: APBD Kota
A9: ='Perhitungan MFEP'!P9 -> 14 | B9: ='Perhitungan MFEP'!B9 -> Wedangan Jadul Pak Gareng | C9: ='Data Destinasi'!A8 -> D05 | D9: ='Perhitungan MFEP'!O9 -> 0.8 | E9: Prioritas A | F9: Komunitas aktif | G9: Pemberdayaan UMKM & inkubasi kuliner | H9: Kemenparekraf
A10: ='Perhitungan MFEP'!P10 -> 5 | B10: ='Perhitungan MFEP'!B10 -> Pasar Gede – Zona Kuliner | C10: ='Data Destinasi'!A9 -> D06 | D10: ='Perhitungan MFEP'!O10 -> 0.91 | E10: Prioritas A | F10: Kekayaan varian kuliner | G10: Peta wisata gastronomi digital | H10: Dinas Pariwisata
A11: ='Perhitungan MFEP'!P11 -> 17 | B11: ='Perhitungan MFEP'!B11 -> Nasi Gudeg Bu Semi | C11: ='Data Destinasi'!A10 -> D07 | D11: ='Perhitungan MFEP'!O11 -> 0.76 | E11: Prioritas B | F11: Keaslian terjaga | G11: Coaching kuliner tradisional | H11: Dana Desa/Kelurahan
A12: ='Perhitungan MFEP'!P12 -> 6 | B12: ='Perhitungan MFEP'!B12 -> Dawet Telasih Bu Dermi | C12: ='Data Destinasi'!A11 -> D08 | D12: ='Perhitungan MFEP'!O12 -> 0.89 | E12: Prioritas B | F12: Tradisi kuat | G12: Pengembangan kemasan & branding | H12: UMKM Center
A13: ='Perhitungan MFEP'!P13 -> 20 | B13: ='Perhitungan MFEP'!B13 -> Intip Goreng Pak Slamet | C13: ='Data Destinasi'!A12 -> D09 | D13: ='Perhitungan MFEP'!O13 -> 0.76 | E13: Prioritas B | F13: Produk unik | G13: Fasilitasi akses pasar modern | H13: Dinas Perdagangan
A14: ='Perhitungan MFEP'!P14 -> 12 | B14: ='Perhitungan MFEP'!B14 -> Sate Buntel Mbok Galak | C14: ='Data Destinasi'!A13 -> D10 | D14: ='Perhitungan MFEP'!O14 -> 0.81 | E14: Prioritas B | F14: Tradisi kuliner | G14: Standardisasi resep & pelatihan | H14: Kemenpar
A15: ='Perhitungan MFEP'!P15 -> 2 | B15: ='Perhitungan MFEP'!B15 -> Tengkleng Bu Edi | C15: ='Data Destinasi'!A14 -> D11 | D15: ='Perhitungan MFEP'!O15 -> 0.93 | E15: Prioritas C | F15: Potensi berkembang | G15: Pendampingan pengembangan bisnis | H15: BPD/KUR
A16: ='Perhitungan MFEP'!P16 -> 14 | B16: ='Perhitungan MFEP'!B16 -> Cabuk Rambak Pak Birin | C16: ='Data Destinasi'!A15 -> D12 | D16: ='Perhitungan MFEP'!O16 -> 0.8 | E16: Prioritas C | F16: Produk heritage | G16: Integrasi ke paket wisata kuliner | H16: Biro perjalanan
... A24: ='Perhitungan MFEP'!P24 -> 4 | B24: ='Perhitungan MFEP'!B24 -> Pasar Triwindu – Kuliner Heritage | C24: ='Data Destinasi'!A23 -> D20 | D24: ='Perhitungan MFEP'!O24 -> 0.92 | E24: Perlu Pembinaan | F24: Peluang heritage | G24: Revitalisasi & dokumentasi sejarah | H24: Dana kebudayaan
A26: KETERANGAN KATEGORI PRIORITAS PELESTARIAN
A27: Unggulan Heritage | B27: Skor MFEP ≥ 0.85 – Destinasi dengan nilai heritage tertinggi, perlu perlindungan dan promosi intensif
A28: Prioritas A | B28: Skor MFEP 0.75–0.84 – Destinasi potensial, butuh dukungan infrastruktur dan regulasi
A29: Prioritas B | B29: Skor MFEP 0.65–0.74 – Destinasi berkembang, perlu pembinaan UMKM dan branding
A30: Prioritas C | B30: Skor MFEP 0.55–0.64 – Destinasi rintisan, butuh pendampingan dan akses pasar
A31: Perlu Pembinaan | B31: Skor MFEP < 0.55 – Destinasi berisiko, perlu intervensi khusus dan revitalisasi
A33: STATISTIK RINGKASAN MODEL
A34: Statistik | B34: Nilai | C34: Keterangan
A35: Total Destinasi Dievaluasi | B35: =COUNTA('Data Destinasi'!B4:B23) -> 20 | C35: Jumlah destinasi dalam basis data
A36: Skor MFEP Tertinggi | B36: =MAX('Perhitungan MFEP'!O5:O24) -> 0.96 | C36: Destinasi terbaik berdasarkan bobot pakar
A37: Skor MFEP Terendah | B37: =MIN('Perhitungan MFEP'!O5:O24) -> 0.76 | C37: Destinasi yang membutuhkan pembinaan intensif
A38: Skor MFEP Rata-Rata | B38: =AVERAGE('Perhitungan MFEP'!O5:O24) -> 0.843 | C38: Benchmark kualitas rata-rata destinasi gastronomi Surakarta
A39: Std Deviasi Skor | B39: =STDEV('Perhitungan MFEP'!O5:O24) -> 0.066419718 | C39: Tingkat dispersi/variasi kualitas antar destinasi
A40: Jumlah Kategori Unggulan Heritage | B40: =COUNTIF(E5:E24,"Unggulan Heritage") -> 3 | C40: Destinasi yang layak mendapat perlindungan budaya prioritas
A42: 📋 CATATAN PENGGUNAAN MODEL: Model ini berada pada TKT Level 2 (proof of concept). Hasil ranking bersifat indikatif dan harus divalidasi melalui FGD dengan pakar pariwisata, dinas terkait, dan komunitas kuliner Kota Surakarta sebelum dijadikan dasar kebijakan resmi. Bobot kriteria dapat diperbarui sesuai hasil kuesioner pakar yang lebih komprehensif.
